Name of book,Prediction,Year
18954.txt,1920.664542,1918
12834-8.txt,1838.686084,1898
3341.txt,1810.048268,1813
10708-8.txt,1848.097087,1854
17871.txt,1924.048128,1898
3823-8.txt,1898.204209,1870
13911-8.txt,1894.631838,1916
14201.txt,1911.552885,1915
10877-8.txt,1880.837224,1908
13858-8.txt,1894.331668,1854
15245.txt,1846.034125,1853
16497-8.txt,1920.050427,1921
13227.txt,1901,1901
12154.txt,1909,1909
14496-8.txt,1878.673944,1908
11185.txt,1909,1909
21864-8.txt,1878.572188,1922
15014-8.txt,1914.346308,1914
963.txt,1862.499337,1865
16098-8.txt,1883,1883
13249.txt,1901.765142,1857
17152.txt,1880.643365,1904
14644-8.txt,1880.66453,1859
15725.txt,1912.167592,1896
6191.txt,1902.203559,1905
5899.txt,1830.744173,1832
18390-8.txt,1911.168307,1917
23.txt,1853.302458,1929
20551.txt,1952.332997,1931
10767.txt,1906.676693,1911
11481.txt,1909,1909
9456.txt,1887.877503,1915
19237-8.txt,1916.455862,1916
18912-8.txt,1920.270803,1883
13103-8.txt,1871.799111,1897
16440-8.txt,1911.260889,1852
17579-0.txt,1878.148155,1794
21920-8.txt,1785.116403,1985
10552.txt,1920,1920
18269-8.txt,1672.415674,1623
10070.txt,1891.189392,1895
12400-8.txt,1901.62338,1899
21783-0.txt,1887.663842,1904
14083.txt,1909.603317,1913
13401-8.txt,1885.228814,1885
15999-8.txt,1719.303609,1720
12508-8.txt,1911.405741,1900
15477.txt,1894.312666,1900
15661.txt,1869.091479,1905
10112-8.txt,1913.129267,1880
12280-8.txt,1874.110177,1880
14140-0.txt,1902.947061,1892
11608-8.txt,1890.825193,1897
17811-8.txt,1912.697306,1911
3898.txt,1805,1805
12651.txt,1942.857778,1904
14926-8.txt,1841,1841
27160-0.txt,1883.235157,1899
21744.txt,1864.090501,1858
14734-8.txt,1905.687629,1921
17475.txt,1884.810712,1899
17182.txt,1873.236296,1899
45603-0.txt,1880.240365,1843
15044-8.txt,1901.794027,1917
11436-8.txt,1884.162522,1903
11965.txt,1910.609503,1918
10133-8.txt,1883.871416,1912
45622-8.txt,1916.995078,1916
13.txt,1630.572186,1619
12682.txt,1915.724545,1916
16645-8.txt,1890.749877,1884
12224-8.txt,1884.733497,1870
10331-8.txt,1883,1883
571.txt,1936.444226,1995
7304.txt,1816.172892,1914
10083.txt,1904.033743,1910
13450.txt,1905.667528,1913
14366-8.txt,1899.492504,1910
19296-8.txt,1916,1916
15052-8.txt,1884.094395,1891
15985.txt,1870.620435,1877
10908-8.txt,1898.924601,1917
18605-8.txt,1900.070399,1901
12171-8.txt,1906.18206,1914
16435-8.txt,1835.254245,1921
19252.txt,1933.931118,1922
1261.txt,1911.671162,1903
19079.txt,1919.381583,1921
14060-8.txt,1910.914041,1916
17391-8.txt,1910.305874,1905
5507.txt,1874.772969,1878
14842-8.txt,1871.952154,1880
13238-8.txt,1914.617092,1908
45618.txt,1903.082242,1896
943.txt,1905.931574,1914
15064.txt,1917.989208,1917
12775.txt,1913.000872,1911
10554-8.txt,1911.324397,1922
15607-8.txt,1875.997277,1885
18196.txt,1883.81655,1849
19413-8.txt,1897.316183,1917
20890-0.txt,1841.564023,1613
19752.txt,1900.204769,1900
16119-8.txt,1914.245392,1858
14393-8.txt,1904.783463,1908
15714.txt,1919.18263,1912
15956-8.txt,1799.772905,1874
7246.txt,1876,1876
19332-0.txt,1912.653437,1903
3115.txt,1885.936658,1880
12736.txt,1888.111865,1750
5865.txt,1869,1865
19481-0.txt,1621.45959,1858
18780-8.txt,1797.274094,1906
13046-8.txt,1901.472479,1900
10781.txt,1907.675156,1909
348.txt,1891.680921,1902
4452.txt,1896.332684,1896
17053-8.txt,1887.783987,1902
19768-8.txt,1874.241452,1891
5858.txt,1879.472397,1866
12673-8.txt,1908.460227,1918
13612-8.txt,1923.994418,1927
14025-8.txt,1899.031149,1920
15717-8.txt,1918.213577,1908
12559-8.txt,1910.333062,1913
10930-8.txt,1918.220759,1918
15108-8.txt,1897.769848,1901
262.txt,1907.97049,1887
18470-8.txt,1910.76544,1920
19849-8.txt,1905.885073,1919
15133.txt,1919.002431,1918
2003.txt,1889.295472,1919
14107-8.txt,1906.335402,1895
18165.txt,1878.951971,1895
16347-8.txt,1921.870393,1896
12315.txt,1875.515884,1852
14145-8.txt,1915.660207,1921
14429-8.txt,1886.657731,1904
41-8.txt,1857.856531,1864
25189-8.txt,1894.887383,1893
26133-8.txt,1822.270199,1831
14376-8.txt,1900.487657,1916
11345.txt,1904.139063,1912
11670-8.txt,1920,1919
5649.txt,1869.159935,1836
19726-8.txt,1957.970524,1961
1930.txt,1880.413509,1906
21785-8.txt,1867.396499,1844
14818-8.txt,1904.210262,1907
5650.txt,1869.028084,1836
12434.txt,1901.703883,1912
3845.txt,1660,1651
22315.txt,1886.149544,1886
11182.txt,1909,1909
19434-8.txt,1885.050193,1872
17967-8.txt,1910.998034,1919
18063-8.txt,1875.433048,1896
12823.txt,1883.384953,1880
11059-8.txt,1755.786397,1813
5934.txt,1615,1615
12131.txt,1909,1909
2985.txt,1884.128851,1886
10582-8.txt,1914.47216,1922
19262-8.txt,1895,1895
16093.txt,1908.478627,1913
19303.txt,1903.448244,1893
16270-8.txt,1889.67756,1887
15614-8.txt,1916.003644,1910
19708-8.txt,1882.493785,1881
5373.txt,1903,1903
13574.txt,1916.18999,1919
21752.txt,1878.731477,1881
39442-8.txt,1902.016212,1901
21847-8.txt,1871.543159,1881
15252.txt,1878.307913,1858
12305-8.txt,1890.663546,1890
14534.txt,1878.979295,1888
6274.txt,1886.360037,1899
12658-8.txt,1863.322143,1903
14732.txt,1915,1914
16613-8.txt,1919.00721,1868
10517.txt,1858.821072,1861
19495-8.txt,1919.0544,1918
12899-8.txt,1883,1883
26514-8.txt,1891.060982,1893
19587-8.txt,1903.137675,1902
4118.txt,1659.32911,1660
2097.txt,1896.895776,1889
15411.txt,1779.663897,1792
21642-8.txt,1917.914697,1914
18107-8.txt,1895.245957,1856
18680-8.txt,1910.704455,1911
17625-8.txt,1891.025082,1920
26451-0.txt,1813.483549,1896
15798-8.txt,1856.309425,1888
16805.txt,1885.157917,1903
1414.txt,1891.364174,1894
18039.txt,1864.746311,1895
12177-8.txt,1915.672488,1914
16630-8.txt,1910.25343,1907
15772.txt,1557.169973,1658
21763-8.txt,1909.332021,1912
14346-8.txt,1706.082697,1681
14360.txt,1876.928171,1894
16954-8.txt,1910.337411,1899
17190-8.txt,1860.08608,1912
17771-8.txt,1913.207247,1913
13047-8.txt,1893.35562,1883
910.txt,1909.11573,1905
27180-8.txt,1913.076782,1909
13150-8.txt,1913.383756,1914
10812-8.txt,1903.353811,1900
19300-8.txt,1916,1916
kant-prolegomena-752.txt,1789.825957,1783
12137.txt,1797.311471,1905
13121-8.txt,1777.386127,1801
10011-8.txt,1894.14424,1908
26090-8.txt,1890.982577,1872
15285-8.txt,1914.42674,1915
15335-0.txt,1866.866433,1893
5903.txt,1797.305648,1626
14549.txt,1645.485897,1625
11475.txt,1909,1909
26132-8.txt,1890.062618,1922
10850-8.txt,1644.66682,1625
1804.txt,1917.348296,1916
5102.txt,1900.892854,1899
15493-8.txt,1818.994552,1800
12440.txt,1899.054054,1901
14319-8.txt,1871.426474,1896
11725-8.txt,1856.310117,1832
19195.txt,1860.218588,1857
16151-8.txt,1868.575088,1862
16663-0.txt,1915.829179,1917
11945-0.txt,1889.963116,1897
11031-8.txt,1855.178749,1878
12671.txt,1903.125426,1922
12132.txt,1909,1909
17594-8.txt,1819.239488,1838
15025-8.txt,1899.93774,1894
10577-8.txt,1884.551177,1910
11873-8.txt,1891.43775,1907
13521-8.txt,1850.337794,1849
17598-8.txt,1912.924502,1907
26032-8.txt,1900.939965,1921
19003-8.txt,1899.447173,1878
13288-8.txt,1917.381656,1916
15302-8.txt,1908.408278,1918
15476.txt,1889.67577,1883
10049.txt,1867.947951,1884
14047.txt,1717.026576,1858
25952-0.txt,1862.670496,1875
19469-8.txt,1833.489278,1886
5529.txt,1876.417259,1886
14276-8.txt,1869,1867
15738-8.txt,1912.13276,1920
16508-8.txt,1902.809909,1913
15903-8.txt,1911.729717,1908
milton-comus-521.txt,1710.983397,1637
7392.txt,1893,1893
12563-8.txt,1889.988796,1900
27188-0.txt,1906.623266,1917
3648.txt,1904.648684,1903
16751.txt,1859.349353,1879
25274-0.txt,1848.993786,1855
14838.txt,1901.170275,1900
17919-8.txt,1947.548382,1900
15473-8.txt,1909.781036,1919
17216-8.txt,1841,1886
11728-8.txt,1861.316449,1860
11084.txt,1904.36887,1896
15777-8.txt,1779.337812,1772
14896.txt,1908.975802,1909
287.txt,1875.562526,1893
10842-8.txt,1790.667516,1907
14743.txt,1969.185367,1912
10146.txt,1902.199356,1857
13147-8.txt,1914.494244,1914
1407.txt,1873.622594,1860
12192-8.txt,1910.651321,1908
12683.txt,1899.235184,1917
10522-8.txt,1876.643654,1882
15663-0.txt,1890.257044,1886
15794-8.txt,1918.362243,1921
16233-8.txt,1725.33544,1744
1741.txt,1919.962734,1920
10873.txt,1909,1909
18423-8.txt,1901.313686,1893
15827-8.txt,1897,1897
10810-8.txt,1901.858034,1877
21660-8.txt,1904.833364,1901
16976-8.txt,1912.376332,1918
3902.txt,1781.669808,1782
16182-8.txt,1892.726792,1845
13719-8.txt,1843.669573,1844
25966-8.txt,1885.686244,1885
122.txt,1873.241539,1840
27250-8.txt,1914.978942,1922
10052-8.txt,1888.455152,1881
18621-8.txt,1899.099058,1925
16803-8.txt,1912.401873,1917
10372-8.txt,1902.081161,1912
14124-8.txt,1793.4694,1883
49419-8.txt,1892.426847,1886
5372.txt,1903,1899
13289.txt,1875.532445,1903
10838-8.txt,1883,1883
18911-8.txt,1913.68009,1908
1253.txt,1865.98234,1863
11966.txt,1881.271758,1850
15954.txt,1914.108825,1918
15132.txt,1857.856621,1847
10515-8.txt,1962.595234,1918
17191-8.txt,1895.148697,1860
18109.txt,1955.355857,1958
17146.txt,1895.885627,1882
16691-8.txt,1890.564388,1918
12520-8.txt,1891.421902,1919
13813-8.txt,1909.704323,1911
14191-8.txt,1905.373268,1839
2976.txt,1727.664426,1725
13298-8.txt,1840.723491,1909
15925-8.txt,1888.054924,1884
17727-8.txt,1868.359898,1696
15238-8.txt,1830.608437,1819
299-8.txt,1875.643563,1877
16546-0.txt,1908.367522,1921
12570-8.txt,1919.34746,1917
11078-8.txt,1831.506086,1897
2823.txt,1855.942602,1842
14814.txt,1897.123998,1908
13843-8.txt,1894.331874,1830
15317-8.txt,1869.619318,1892
12404-8.txt,1872.841507,1914
10341-8.txt,1899.372717,1911
15125-8.txt,1890.640676,1907
18615-8.txt,1894.471968,1912
15005-8.txt,1884.119258,1909
12172.txt,1895.007887,1892
13012-8.txt,1889.81089,1869
11223-8.txt,1917.661825,1916
16337-8.txt,1900.345852,1898
12135.txt,1813.377339,1734
26196-8.txt,1846.695863,1851
1488.txt,1903.196762,1892
27256.txt,1893.577468,1831
26875.txt,1914.04021,1912
18480.txt,1883.506034,1907
19390.txt,1880.039151,1869
18468-8.txt,1911.8308,1915
12483-8.txt,1866.869158,1800
5005.txt,1838.505396,1844
10435-8.txt,1859.331106,1858
11493-8.txt,1893.335502,1908
17002.txt,1862.32434,1863
16488-8.txt,1907.463205,1907
26144-8.txt,1907.106,1908
25958-8.txt,1896.097424,1898
13789-8.txt,1908.977938,1908
16115-8.txt,1910.678961,1917
15699.txt,1898.51383,1910
45646-8.txt,1891.334762,1894
12493.txt,1888.941826,1917
907.txt,1886.056176,1912
15965-8.txt,1918.009843,1899
19825-8.txt,1918.997447,1911
2741.txt,1887.421941,1910
14520-8.txt,1917.985246,1911
13184.txt,1870.24765,1912
9319.txt,1895,1895
11079-8.txt,1895.44541,1897
19482.txt,1875.524275,1846
20909.txt,1915.995079,1922
1344.txt,1835.285327,1832
20892-8.txt,1815.613153,1901
13196-8.txt,1912.047145,1904
14209.txt,1899.342083,1908
1880.txt,1799.662916,1800
15841-8.txt,1921.236618,1921
13206-8.txt,1888.369561,1900
5916.txt,1618.315814,1615
15745-8.txt,1883.96354,1876
12693-8.txt,1693.166322,1701
18829.txt,1910.00212,1920
10404-8.txt,1913.703797,1922
14516-8.txt,1917,1917
3392.txt,1870.090699,1886
10430.txt,1697.470844,1887
10773.txt,1905.571418,1901
12073-8.txt,1892.95149,1736
15991-8.txt,1855.458748,1835
18465-8.txt,1886,1886
1392.txt,1874.353128,1894
2730.txt,1864.490872,1918
11352-8.txt,1912.330159,1912
14180.txt,1904.791864,1914
9548.txt,1907.794776,1904
17946-0.txt,1900.194825,1880
15422-8.txt,1893.193677,1855
4164.txt,1664,1665
15461-8.txt,1694.26606,1687
13894-8.txt,1909.270443,1913
4177.txt,1666,1667
10462-8.txt,1740.333621,1741
10330.txt,1854.86921,1896
13466.txt,1891.331631,1891
26498-8.txt,1894.016655,1901
13467.txt,1906.29344,1904
19135-8.txt,1908.046965,1913
19415-8.txt,1899.709428,1894
10022.txt,1937.624457,1948
25938-8.txt,1897.243098,1908
3867.txt,1717.992647,1720
18445-8.txt,1855.609126,1851
16730-8.txt,1893.581989,1889
19489.txt,1926.314561,1912
17530-0.txt,1904.820142,1909
18492-8.txt,1964.346592,1959
18453-8.txt,1862.662268,1864
12366-8.txt,1916.508593,1905
17386.txt,1895.803557,1885
12118.txt,1888.323466,1888
13943-8.txt,1781,1892
18527-8.txt,1959.347572,1883
12328-8.txt,1893.474981,1868
21759-8.txt,1867.474908,1856
17217-8.txt,1862.102612,1866
11909.txt,1909.615161,1909
13387-8.txt,1840.390571,1872
15299-8.txt,1801.067214,1919
14132-8.txt,1873.160781,1885
10871.txt,1909,1909
12418.txt,1919.296874,1917
15147-8.txt,1864.726864,1870
19117.txt,1875.766731,1922
17616-8.txt,1898.700698,1901
16960-8.txt,1907.394319,1921
8475.txt,1876,1876
17037-8.txt,1892.302916,1877
1704.txt,1833.797521,1827
7539.txt,1755.009661,1766
27300.txt,1885.376328,1878
2030-8.txt,1902.718331,1918
20911-8.txt,1893.018128,1904
19225-8.txt,1917.390367,1911
14148.txt,1906.926779,1914
14026.txt,1763.663307,1753
15926-8.txt,1883.275949,1885
10948-8.txt,1883.734005,1889
11106-8.txt,1884.927188,1898
13584-8.txt,1888.9654,1888
16196.txt,1886.19552,1906
8586.txt,1865.521374,1880
18720-8.txt,1890.926845,1900
18426-8.txt,1916.832454,1917
309.txt,1874,1874
14110.txt,1918.427981,1918
16015.txt,1849.948061,1849
14219-8.txt,1886.870879,1901
18168-8.txt,1830.2172,1867
18980-8.txt,1886,1886
14092-8.txt,1883,1850
11931.txt,1873.683292,1908
5936.txt,1614.676175,1615
18548.txt,1892.696873,1910
7106.txt,1876,1876
2656.txt,1859.950366,1858
11068-8.txt,1836.194436,1825
25170-8.txt,1894.339332,1903
17434-8.txt,1900.293243,1886
11321.txt,1883,1883
11428-8.txt,1917,1917
13459.txt,1903.326406,1900
17409-8.txt,1878,1878
20546-8.txt,1920.009281,1920
19651-8.txt,1955.637977,1963
16860-8.txt,1909.206182,1896
12963-8.txt,1846.553058,1865
11339-8.txt,1905.278467,1848
18809.txt,1868.810923,1893
11171.txt,1879.244683,1846
26027-0.txt,1906.070643,1906
20893-8.txt,1912.706283,1914
16772-8.txt,1882.553624,1912
14927-8.txt,1841,1841
1405.txt,1802.774961,1832
3901.txt,1782,1782
17157-8.txt,1749.862579,1726
460.txt,1912.038263,1906
15970-8.txt,1897,1897
15950-0.txt,1904.182864,1900
6612.txt,1785.691634,1786
49401-8.txt,1898.84815,1887
12529-8.txt,1914.248763,1906
17755-8.txt,1883.0424,1889
14427-8.txt,1898.653282,1891
45648-0.txt,1913.651188,1904
27293.txt,1784.57546,1851
19188-8.txt,1902.930307,1906
16232-0.txt,1889.357428,1921
12252-8.txt,1735.357078,1726
16331-8.txt,1915.655882,1915
15773-8.txt,1895.093752,1910
1900.txt,1837.990886,1840
45592-0.txt,1756.49595,1806
19498-8.txt,1905.394913,1908
213.txt,1895.010192,1864
18472-8.txt,1728.050434,1749
4599-8.txt,1871.474484,1862
20555-8.txt,1916.490587,1912
1885.txt,1894.33924,1893
13132-8.txt,1918.948437,1921
9446.txt,1890,1890
13602-8.txt,1936,1936
13597-8.txt,1902.765195,1886
10995-8.txt,1854.181046,1901
10598-8.txt,1738.995253,1753
14057-8.txt,1891.344648,1891
12444-8.txt,1905.481552,1916
19553-0.txt,1674.354807,1841
21676-8.txt,1883.683798,1917
16994-8.txt,1757.575926,1775
12139-8.txt,1911.774832,1908
10364.txt,1869.588064,1870
14361.txt,1914.302687,1917
12638-8.txt,1893.612215,1891
25935-8.txt,1904.389193,1883
10010.txt,1778.695128,1791
3888.txt,1788.67567,1789
12926-8.txt,1909.037498,1907
15938-8.txt,1886.954907,1850
21719.txt,1865.630838,1888
17286-0.txt,1899.315116,1891
15294-8.txt,1870.536133,1884
19341-8.txt,1912.33428,1905
39470-0.txt,1848.922491,1868
27213-8.txt,1895.691355,1921
21711.txt,1878.043086,1905
14602.txt,1909.345186,1915
21938-8.txt,1621.929135,1841
18560-8.txt,1893.393256,1894
16276-8.txt,1852.266601,1816
19130-8.txt,1906.150099,1916
18126-8.txt,1866.250898,1880
14081.txt,1866.315608,1880
14689-8.txt,1871.5115,1885
13977-8.txt,1903.19802,1912
7924.txt,1860,1860
18961-8.txt,1910.169611,1921
23403-8.txt,1900.024148,1916
7107.txt,1876,1876
21944-8.txt,1874.451101,1903
16290.txt,1897.691255,1916
11232-8.txt,1912.619912,1916
12291.txt,1885.872789,1844
10984-8.txt,1910.993571,1917
10791.txt,1909,1909
1971.txt,1899.148817,1916
2544.txt,1893.020122,1882
14780.txt,1854.341636,1794
21886-8.txt,1865.155694,1898
760.txt,1908.367393,1896
2521.txt,1878.115565,1865
13746-8.txt,1793.682382,1894
11514-8.txt,1875.003472,1892
15468-8.txt,1892.700436,1879
20913-8.txt,1896.421195,1907
14445.txt,1904.033793,1919
19287-8.txt,1916,1916
19386-8.txt,1876.915899,1847
16637-8.txt,1895.887154,1910
19462-8.txt,1916.652496,1911
10059.txt,1909.841587,1912
19592.txt,1893.922742,1897
938.txt,1915.037714,1912
14203-8.txt,1904.727138,1903
21751.txt,1860.393047,1825
6267.txt,1900.755384,1899
18790-8.txt,1906.051084,1903
17733-8.txt,1896.487954,1899
16216-8.txt,1892.246415,1896
4694.txt,1909.016847,1921
19566-8.txt,1848.683613,1859
10707-8.txt,1890.873856,1910
17109-8.txt,1911.028358,1883
2728-8.txt,1898.015928,1900
18193-8.txt,1895.375554,1899
16950-8.txt,1900.940974,1830
8482.txt,1877.803127,1876
11869-8.txt,1835.552925,1835
31316-8.txt,1898.272042,1910
12208.txt,1909,1909
17654-8.txt,1920,1920
10110-8.txt,1914.421183,1916
13939-8.txt,1884.616481,1885
12506-8.txt,1891.294188,1873
1486.txt,1886.574943,1876
16424-8.txt,1882.554846,1915
20126-8.txt,1915.757154,1911
26083.txt,1898.252833,1910
26193.txt,1905.991768,1907
15886-8.txt,1895.604424,1900
12150-8.txt,1858.11485,1902
13415-8.txt,1920,1920
15608-8.txt,1912.398832,1922
45621-8.txt,1866.100183,1911
18434.txt,1915.676759,1911
15982-8.txt,1862.985743,1861
1410.txt,1836.793288,1828
15420-8.txt,1924.943993,1919
13785-8.txt,1853.934619,1922
1350.txt,1796.629019,1833
14093-8.txt,1917,1917
16002.txt,1849.948896,1846
18689-8.txt,1853.864631,1849
10007-8.txt,1869.283067,1872
17294-8.txt,1915.480195,1922
1697.txt,1902.212729,1870
18383-8.txt,1876.15225,1853
18651-8.txt,1882.455712,1890
1476.txt,1911.308724,1913
18503-8.txt,1888.922388,1917
18323-8.txt,1896.983124,1920
45681-8.txt,1566.762977,1580
16192-8.txt,1897,1897
5935.txt,1615,1615
10584.txt,1921.30723,1920
17592.txt,1843.58462,1822
16692-8.txt,1912.308895,1906
16005.txt,1867.352336,1849
17617-8.txt,1910.343353,1898
21679-8.txt,1807.24266,1909
19285.txt,1912.98148,1912
13923-8.txt,1892.51259,1887
14717-8.txt,1880.493301,1919
21880-8.txt,1839.319671,1878
5389.txt,1903,1903
15020-8.txt,1895,1895
3109.txt,1891.618308,1902
18001.txt,1893.002175,1895
18660-8.txt,1879.355149,1894
18574.txt,1898.720136,1875
3841.txt,1620.994111,1628
21910-8.txt,1906.65843,1920
130.txt,1912.208624,1908
10098-8.txt,1905.54176,1919
10096-8.txt,1864.725564,1905
16183-8.txt,1903.040527,1908
17008-8.txt,1599.646663,1884
13361-8.txt,1850,1850
11604-8.txt,1863.770322,1860
26204.txt,1768.360112,1750
39445-8.txt,1899.076722,1910
14246.txt,1818.284998,1851
1059.txt,1911.427646,1913
761.txt,1894.688347,1896
11760-8.txt,1900.242146,1908
17469-8.txt,1910.658247,1920
13110-8.txt,1907.354125,1909
16007.txt,1847.787765,1842
10387-8.txt,1820.91202,1909
18172-8.txt,1955.626657,1942
15502-8.txt,1917.371543,1921
15336.txt,1847.701494,1869
27288-8.txt,1875.995682,1861
18338-8.txt,1899.419443,1913
18025-8.txt,1861.796199,1812
20130-0.txt,1678.100027,1703
15240-8.txt,1873.109128,1905
17404-0.txt,1912.064971,1906
25268-8.txt,1900.981541,1895
31302-8.txt,1832.468068,1867
9943-8.txt,1823.792092,1848
17613-0.txt,1872.176559,1903
26086-8.txt,1912.701006,1907
11170-8.txt,1862.318433,1861
1081.txt,1840.890915,1809
1277.txt,1817.925587,1832
16578-8.txt,1898.423108,1900
1861-8.txt,1878.298185,1893
19238.txt,1914.720067,1916
12320-8.txt,1960.457067,1975
27275-8.txt,1907.631834,1909
19292-8.txt,1922.982073,1921
14323.txt,1899.064369,1891
12227.txt,1918,1865
10807-8.txt,1870.052731,1882
10089-8.txt,1867.791795,1909
38.txt,1809.682294,1800
14981-8.txt,1892.40442,1900
26539-8.txt,1906.369871,1907
19600-8.txt,1842.652342,1854
14297-8.txt,1884.46531,1907
10454-8.txt,1812.305128,1883
16222-8.txt,1887.322791,1896
10814-8.txt,1911.451704,1905
9443.txt,1890,1890
14674-0.txt,1885.966895,1871
868.txt,1896.163578,1909
26067-8.txt,1881.60114,1869
850.txt,1908.292332,1896
17464-8.txt,1879.009493,1891
22313-8.txt,1918.663727,1916
216.txt,1695.299059,1898
22893.txt,1913.688942,1949
12691.txt,1910.345316,1910
19561.txt,1912.354724,1913
17893-8.txt,1886.291907,1919
1465.txt,1873.399698,1894
12811-8.txt,1907.214494,1908
12741.txt,1881.045315,1874
18619-0.txt,1893.383822,1886
14612-8.txt,1852,1852
7133.txt,1867.40126,1886
1967.txt,1832.980155,1836
880.txt,1893.044649,1846
11020-8.txt,1885.534939,1921
12114-8.txt,1919.661343,1919
11632.txt,1878.056367,1873
3245.txt,1904.641708,1898
25982-8.txt,1814.405953,1865
20926.txt,1979.635223,1909
14416-8.txt,1808.87669,1916
19110-8.txt,1877.661042,1891
17890-8.txt,1910.139883,1904
1550.txt,1898.59689,1896
25216-8.txt,1860.608727,1866
11130-0.txt,1830.088436,1876
15127-8.txt,1833.278173,1917
15784-0.txt,1710.972835,1730
19612-8.txt,1906.055988,1901
16011-8.txt,1833.473304,1872
33502-8.txt,1863.300802,1843
14769-8.txt,1918.644487,1917
2130.txt,1736.846622,1518
4200.txt,1662,1700
12115.txt,1815.019257,1837
19860-8.txt,1847.721958,1858
13801-8.txt,1912.526379,1920
108.txt,1894.76338,1894
10575-8.txt,1909.618727,1921
10835-8.txt,1787.801833,1759
15198-8.txt,1788.940587,1774
20921-8.txt,1893.120622,1921
1006.txt,1484,1480
13301-8.txt,1888.993038,1916
5395.txt,1903,1903
17151-8.txt,1892.356324,1911
206.txt,1859.81764,1883
12828-8.txt,1867.118166,1836
8781.txt,1483.336425,1484
18658-8.txt,1899.806581,1892
10380-8.txt,1901.065898,1903
15619-8.txt,1897,1897
12687-8.txt,1901.186517,1918
12881.txt,1909.242035,1912
11691-8.txt,1901.805767,1912
13884-8.txt,1740.661748,1741
14133-8.txt,1866.794906,1893
19310-8.txt,1911.003747,1915
3308.txt,1905.265668,1904
16594-8.txt,1919.030391,1909
16161.txt,1883,1883
13509-8.txt,1889.065794,1877
14604-0.txt,1895.77425,1966
16213-8.txt,1919.324712,1920
10508.txt,1904.606066,1908
18105.txt,1958.292542,1951
25951-8.txt,1917,1917
16231-8.txt,1909.993086,1899
1973.txt,1903.019655,1912
20569-8.txt,1902.695352,1907
18478-8.txt,1890.552491,1856
11870-8.txt,1903.938999,1907
16610-8.txt,1569.335422,1570
4127.txt,1661,1661
14118-8.txt,1889.292916,1872
21733.txt,1886.231466,1825
12606-8.txt,1854.341366,1879
10996.txt,1848.396437,1851
19096-8.txt,1793,1855
870.txt,1909.690797,1909
14756-8.txt,1915.472953,1922
16697.txt,1866,1866
17699-8.txt,1912.672585,1922
18562-8.txt,1900.139353,1898
13971.txt,1679.366175,1883
15712-8.txt,1907.477517,1906
18613.txt,1917.010319,1919
6156.txt,1904.064412,1837
19259.txt,1887.776751,1890
19740-8.txt,1882.745705,1921
14032-8.txt,1812.518652,1791
21697.txt,1866.757623,1825
49415-0.txt,1874.987491,1890
9761.txt,1857.293506,1838
19613-8.txt,1881.577299,1901
13468.txt,1912.373619,1900
20903-8.txt,1905.413207,1933
31319-8.txt,1877.325475,1861
29560-8.txt,1833.230329,1889
13536-8.txt,1794.19449,1849
18440-0.txt,1845.864933,1898
25184-8.txt,1856.286876,1830
45659-8.txt,1899.107672,1895
18182-8.txt,1859.004354,1902
13647.txt,1896.574888,1851
13202.txt,1864.290348,1900
12470-8.txt,1846.926415,1863
12095.txt,1881.379654,1890
17030.txt,1999.671055,2001
14924-8.txt,1841,1841
14629-8.txt,1894.330173,1919
16139-8.txt,1897.340543,1897
18002-8.txt,1866.243303,1873
18926-8.txt,1918.24617,1919
13552-8.txt,1902.597499,1859
12685-8.txt,1854,1886
16320-8.txt,1906.492283,1896
15512-8.txt,1917,1917
27287-0.txt,1878,1887
16609-8.txt,1854,1854
15348-8.txt,1862.802803,1894
16903.txt,1912.631671,1901
12744-8.txt,1904.406902,1922
10142-8.txt,1904.617487,1921
27222.txt,1894.099455,1910
16935-0.txt,1907.666328,1900
7112.txt,1858.650773,1877
45651-8.txt,1875.176483,1881
5852.txt,1869.085743,1864
15260-8.txt,1793.428174,1806
16998.txt,1913.16952,1904
13438.txt,1894.867586,1906
21664-8.txt,1892.574207,1882
2272.txt,1698.305255,1552
19352-8.txt,1905.321497,1897
20795.txt,1850.37384,1846
12183-8.txt,1780.740955,1873
18371-8.txt,1902.660884,1854
16526-8.txt,1904.660867,1904
13934-8.txt,1896.905389,1901
17568.txt,1879.024789,1883
39423-8.txt,1907.039842,1848
15256-8.txt,1852.785507,1888
16831-8.txt,1672.13089,1708
2129.txt,1843.042942,1826
15087-8.txt,1872.432115,1883
4184.txt,1666.318648,1667
17038-8.txt,1834.550261,1877
21948-8.txt,1907.305285,1909
15659-8.txt,1900.801367,1914
15160-8.txt,1891.200041,1902
283.txt,1905.716469,1912
milton-paradise-219.txt,1648.871939,1667
305.txt,1876.699318,1881
10202-8.txt,1873.346937,1896
14518-8.txt,1907.854287,1887
17183-8.txt,1876.928407,1879
2776-8.txt,1892.713792,1906
19295.txt,1913.325154,1915
16156.txt,1904.25287,1904
15873-8.txt,1913.946282,1913
15045-8.txt,1844.711578,1797
2463-8.txt,1875.811105,1901
13883-8.txt,1911.267383,1917
2793.txt,1875.056467,1884
10967.txt,1909.954702,1915
16925.txt,1905.210542,1908
15904.txt,1906.626813,1905
17502-8.txt,1911.396579,1899
14494-8.txt,1874.57621,1898
21769-8.txt,1835.385365,1902
479.txt,1903.996022,1886
10102-8.txt,1911.70003,1900
17913.txt,1843.359987,1870
16802-8.txt,1830.18077,1849
22324-8.txt,1917.234065,1919
21656-8.txt,1923.924164,1920
11510.txt,1901.782448,1924
19402.txt,1898.909023,1900
11618-8.txt,1901.362562,1890
2060.txt,1771.114635,1887
13272-8.txt,1727.403544,1790
25281-8.txt,1858.933272,1895
16995-8.txt,1897.210007,1883
14574-8.txt,1917.688399,1921
10427.txt,1884.671592,1880
16735-8.txt,1875.428459,1855
19365-8.txt,1883.900681,1913
3240.txt,1909.354592,1904
2955.txt,1725,1725
2736-8.txt,1868.996568,1840
16552-8.txt,1901.300527,1917
18461-8.txt,1916.71799,1916
13736-8.txt,1850,1850
4426.txt,1899.038284,1896
10840.txt,1811.640227,1908
15581-8.txt,1847.393045,1841
21666-8.txt,1882.609326,1888
13700.txt,1936,1936
4133.txt,1661,1661
17897.txt,1513.504505,1467
12083-8.txt,1869.633431,1900
17500-8.txt,1867.309269,1878
27260-8.txt,1920,1899
17865.txt,1910.983957,1913
18606.txt,1917.617259,1916
15417-8.txt,1887.7398,1883
10476-8.txt,1912.572682,1911
31313-0.txt,1914.670068,1920
17753-0.txt,1895.443814,1878
1474.txt,1855.306056,1832
2708-8.txt,1828.544586,1830
13816.txt,1875.696026,1899
1946-8.txt,1849.405874,1909
17465-8.txt,1879.067438,1891
12453-8.txt,1883.927844,1873
18941-8.txt,1870.950815,1812
13859.txt,1909.685997,1915
2958.txt,1724.671026,1725
18909.txt,1833.17766,1886
17288-0.txt,1866.207143,1862
5378.txt,1890.988554,1903
11030.txt,1870.873074,1861
10811-8.txt,1900.987833,1897
5371.txt,1903,1903
3797.txt,1912.315635,1906
39458-0.txt,1847.220592,1887
16160-8.txt,1907.702567,1912
35183-0.txt,1853.897173,1835
9658.txt,1870,1870
16168-8.txt,1913.996821,1919
14587.txt,1857.815697,1918
10440-8.txt,1908.667117,1919
17349-8.txt,1892.452989,1896
4161.txt,1665,1665
12472-8.txt,1761.896034,1791
26541-8.txt,1872.552344,1856
10474-8.txt,1899.839746,1917
18139-8.txt,1963.503569,1952
4158.txt,1664.661413,1665
17060.txt,1867.232932,1865
618.txt,1872.140531,1880
11435.txt,1860.025515,1851
12625-8.txt,1912.516217,1918
25294-8.txt,1907.836957,1914
17314-8.txt,1895.629743,1905
7104.txt,1885.138446,1876
13998-8.txt,1892.137863,1908
11241.txt,1896.399456,1903
5390.txt,1903,1903
18256.txt,1894.189103,1902
18576-8.txt,1903.169934,1900
16241-8.txt,1901.479764,1899
12038-8.txt,1899.949102,1856
19239-8.txt,1913.296069,1916
1196.txt,1836.087376,1839
20136-0.txt,1912.571234,1914
15958.txt,1864.3706,1901
9301-8.txt,1878.847588,1871
15307.txt,1892.177368,1825
18153-8.txt,1906.429581,1856
12102.txt,1911.169132,1903
18248-8.txt,1879.500829,1871
16762-0.txt,1561.029253,1577
791-8.txt,1887.178276,1847
19254-0.txt,1950.901857,1947
18395-8.txt,1886,1886
15546-8.txt,1882.135618,1886
15271-8.txt,1852.820062,1872
16938-8.txt,1872.672026,1852
27194-8.txt,1905.722438,1903
39411-8.txt,1804.918186,1839
12141.txt,1633.345125,1625
1555.txt,1823.321156,1839
5838.txt,1877.628476,1876
11017-8.txt,1870.679404,1914
27246-8.txt,1910.774747,1922
25906.txt,1888.674078,1896
15819-8.txt,1861.01058,1864
18370-8.txt,1877.967428,1869
18405-8.txt,1907.542652,1921
21834-8.txt,1915.912245,1899
14875-8.txt,1875.4307,1877
17095.txt,1918.404706,1916
18210-8.txt,1884.028025,1880
21791-8.txt,1898.826441,1916
11765.txt,1910.357869,1919
18854-8.txt,1865.01121,1903
16793-8.txt,1903.829936,1927
19221-8.txt,1710.386975,1861
18396-0.txt,1894.867254,1886
15706-8.txt,1908.283387,1911
10058.txt,1890.783918,1920
1696.txt,1912.014043,1905
15431-8.txt,1915.606263,1921
18901-8.txt,1892.101609,1917
27173-8.txt,1769.661911,1740
6626.txt,1866.690849,1864
18685.txt,1908.135924,1895
12196.txt,1908.152039,1901
27234-0.txt,1880.545405,1865
15469-8.txt,1781.294318,1814
14395-8.txt,1912.33434,1909
18960-8.txt,1822.933256,1884
17374.txt,1900.96346,1884
16142.txt,1921.916609,1958
1912.txt,1824.40335,1830
347.txt,1872.72754,1883
10872.txt,1909,1909
11309-8.txt,1900.978309,1900
14901-8.txt,1908.796386,1921
14576.txt,1889.870453,1897
17480-8.txt,1746.497283,1906
14933-8.txt,1841,1841
1380.txt,1832.961136,1842
7929.txt,1824.55724,1832
5853.txt,1874.861152,1864
20801.txt,1721.340463,1737
12155.txt,1909,1909
21668-8.txt,1918.235415,1920
1345.txt,1821.883016,1826
14220.txt,1877.740428,1909
16099-8.txt,1870.858294,1906
25164.txt,1850.316656,1849
368-8.txt,1900.101314,1915
7658.txt,1839.341504,1839
15880-8.txt,1863.041934,1864
18674.txt,1871.473728,1919
7394.txt,1893,1893
18507.txt,1719.201661,1764
12136-8.txt,1896.506521,1801
15837.txt,1910.681847,1914
16493.txt,1870.852844,1863
16948-8.txt,1885.021127,1887
16459-8.txt,1916.42715,1919
16376-8.txt,1886.658052,1899
16890.txt,1883.171402,1903
36.txt,1768.281768,1898
11254-8.txt,1854.678737,1738
2095.txt,1864.637588,1867
18018-8.txt,1904.57602,1918
13993.txt,1916.431993,1918
13972.txt,1668.571491,1883
19245-0.txt,1952.617314,1922
15701-0.txt,1781,1793
12125.txt,1909,1909
19160-8.txt,1876.195024,1880
2066.txt,1918.884348,1916
13283-8.txt,1891,1891
12654-8.txt,1907.459608,1900
13817-8.txt,1887.148806,1908
19810-8.txt,1914.543623,1918
11683-8.txt,1910.645956,1907
25921-8.txt,1902.879401,1915
26063-8.txt,1894.151602,1903
15283-8.txt,1899.954046,1913
1393.txt,1886.862635,1903
16669-8.txt,1562.316106,1577
14725-8.txt,1806.693208,1690
14222-8.txt,1860.197963,1786
7546.txt,1896.8954,1886
17040.txt,1914.54656,1913
14577.txt,1936.509186,1913
14526-8.txt,1916.622502,1907
2616.txt,1870.492967,1875
14953-8.txt,1896.673676,1895
15470-8.txt,1880.004455,1855
14908-8.txt,1830.771724,1874
1419.txt,1890.771521,1866
16570-8.txt,1854,1854
2761-8.txt,1917.607939,1906
12657-8.txt,1898.462078,1898
15781-8.txt,1895.061818,1840
17799.txt,1863.27582,1839
13413-8.txt,1920,1917
20897-8.txt,1911.516763,1917
12129.txt,1907.393185,1909
12581-8.txt,1894.268762,1870
3369.txt,1888.039364,1886
16457-8.txt,1894.764444,1866
11019-8.txt,1905.108269,1892
18635-8.txt,1714.64352,1883
19833-8.txt,1735.678058,1889
14661.txt,1867.359264,1905
26481-8.txt,1862.105938,1886
18513.txt,1885.802384,1922
6796.txt,1775.852631,1798
2978.txt,1724.672033,1725
2723.txt,1884.977457,1891
14857-8.txt,1902.561987,1919
16554-8.txt,1869.730287,1886
17408-8.txt,1890.069103,1896
10044.txt,1762.588924,1916
13340-8.txt,1859.170328,1882
15399-8.txt,1871.100638,2008
11972.txt,1909,1909
18601.txt,1832.547458,1860
45662-0.txt,1890.001512,1915
11705-8.txt,1883,1883
19816-8.txt,1916.158518,1916
21709.txt,1874.82711,1825
2480.txt,1899.570995,1911
17854.txt,1898.657995,1902
20788-8.txt,1958.336559,1960
14484-8.txt,1904.706295,1883
17472.txt,1862.040547,1839
10591-8.txt,1874.998661,1856
4975.txt,1878.385679,1898
12868-8.txt,1878.620977,1921
15792-8.txt,1891.756499,1879
14231-8.txt,1900.117358,1891
2862.txt,1883.05104,1868
15428-8.txt,1897,1897
14147.txt,1914.597495,1914
18334-8.txt,1914.597552,1914
12535-8.txt,1908.016416,1913
12158.txt,1909,1909
19560-8.txt,1905.133426,1918
1482.txt,1822.824445,1829
14408-8.txt,1897.823542,1858
15833-8.txt,1884.675645,1884
13356-8.txt,1896.860041,1903
16378-8.txt,1870.274721,1857
30823-8.txt,1869.933371,1920
5375.txt,1890.259681,1903
10743-8.txt,1843.750095,1898
15673.txt,1911.983025,1922
17385-8.txt,1950.522611,1977
19706-8.txt,1914.958875,1918
15733-8.txt,1866.750488,1895
842.txt,1794.32958,1803
12402-8.txt,1893.981647,1887
19723-8.txt,1909.453635,1894
11074.txt,1909.745262,1914
10710-8.txt,1909.098201,1891
15151-8.txt,1879.548714,1876
16615-8.txt,1901.293831,1906
12222.txt,1600.678049,1625
18189-8.txt,1888.921793,1953
18997-8.txt,1831.880716,1893
6210.txt,1894.530772,1899
10959-8.txt,1905.327858,1901
12445-8.txt,1809.609945,1834
16479-8.txt,1813.970505,1858
13714.txt,1872.917992,1879
4173.txt,1666,1666
18391-8.txt,1856.951242,1822
18646-0.txt,1886.604306,1866
14417-8.txt,1866.981606,1823
17952-8.txt,1907.351477,1909
4163.txt,1664,1666
1357.txt,1838.016755,1839
11911-8.txt,1899.632966,1910
19384.txt,1914.075046,1910
11576-8.txt,1801.08234,1794
134.txt,1792.6665,1759
12110.txt,1651.993534,1625
2012.txt,1902.099362,1897
18816-8.txt,1890.29398,1891
13515-8.txt,1800,1822
17297.txt,1897.106317,1908
8706.txt,1865,1865
18906-8.txt,1842.986854,1878
307.txt,1899.632701,1917
15367.txt,1909.319343,1912
14951-8.txt,1902.248066,1905
5410.txt,1718.764594,1713
12816-8.txt,1886.454436,1901
14645-8.txt,1906.444295,1900
2459.txt,1885.000452,1903
6794.txt,1771.42456,1798
13529.txt,1903.865055,1890
15533.txt,1801.362028,1811
3342.txt,1813,1831
17772-8.txt,1886.089633,1872
18871-8.txt,1897.351145,1904
14446-8.txt,1898.644263,1902
15918-8.txt,1897,1897
11483-8.txt,1909.289661,1898
16539-8.txt,1896.020565,1874
21956.txt,1869.006859,1820
19499-8.txt,1899.319874,1914
21700-8.txt,1848.135523,1874
208.txt,1877.269298,1877
10741-8.txt,1890.077858,1886
14655.txt,1888.24947,1900
340.txt,1877.438775,1820
10350-8.txt,1769.659978,1756
10704.txt,1878.478851,1903
2660.txt,1760.623467,1886
19423-8.txt,1903.620473,1919
3381.txt,1898.057263,1886
16205.txt,1831.053441,1832
12929-8.txt,1803.034405,1801
13637-8.txt,1889.300797,1896
16714-8.txt,1911.498004,1917
2762.txt,1908.021288,1904
15230-8.txt,1900.466948,1918
13081.txt,1897.664168,1999
27126-8.txt,1895.673927,1916
45630-0.txt,1912.869581,1919
619-8.txt,1860.017992,1855
16074-8.txt,1913.300612,1917
16711-8.txt,1876.688941,1900
10468-8.txt,1869.490574,1910
16551-8.txt,1912.06594,1911
14098.txt,1743.000047,1752
17770-8.txt,1897.220682,1916
18831-8.txt,1953.680228,1947
558.txt,1905.627003,1915
16537-0.txt,1860.029877,1906
27223-8.txt,1873.833074,1879
15257-8.txt,1904.161424,1909
499.txt,1913.203646,1917
14889-8.txt,1914.163534,1913
17303-8.txt,1852,1852
5692.txt,1869,1869
633.txt,1701.033146,1865
21768-8.txt,1897.850755,1898
26047-8.txt,1872.279781,1865
12870-8.txt,1915.623165,1915
8167.txt,1652.650511,1653
452.txt,1863.680066,1851
5856.txt,1867.929493,1866
17959-8.txt,1866.324674,1917
15696.txt,1829.390559,1854
10087.txt,1900.017988,1909
21774.txt,1897.539837,1914
15947-0.txt,1850.028315,1884
16585-8.txt,1892.845587,1917
15344-8.txt,1903.492575,1911
11987-8.txt,1909.708832,1921
13558-8.txt,1850.333185,1850
10661-8.txt,1783.098237,1890
6611.txt,1785.670905,1786
15475.txt,1887.786656,1900
8797.txt,1483.664486,1484
13889.txt,1905.491222,1910
13717-8.txt,1919.661515,1915
3200.txt,1869,1876
18598-8.txt,1893.610364,1925
11256-8.txt,1911.628697,1908
15771.txt,1896.435948,1870
20889-0.txt,1891.219295,1873
14123-8.txt,1890.335042,1891
11506-8.txt,1808.183553,1852
12175-8.txt,1889.747103,1909
13471-8.txt,1861.355316,1857
16915-8.txt,1861.057601,1897
19294-8.txt,1916.313814,1916
16515-8.txt,1988.148865,1999
10047-8.txt,1870,1870
26021.txt,1892.001846,1909
11989-8.txt,1911.602201,1904
12742-8.txt,1809.792275,1806
15277-8.txt,1913.58833,1912
12835.txt,1876.980389,1856
15439-8.txt,1892.331282,1892
21690-8.txt,1895.693262,1897
11159-8.txt,1878.046998,1862
12308-8.txt,1885.686957,1882
18529-8.txt,1903.192397,1915
12511-8.txt,1844,1843
10496-8.txt,1918.395391,1921
12128.txt,1909,1909
21671-8.txt,1915.76317,1919
14906-8.txt,1896.317592,1841
4195.txt,1667.326252,1668
26062-8.txt,1873.351704,1844
19425.txt,1919.074465,1922
15376-8.txt,1782.137599,1795
15089-8.txt,1911.483544,1918
15099-8.txt,1876.816023,1871
5646.txt,1836,1836
10993-8.txt,1871.40394,1840
15315-8.txt,1881.131643,1881
17094-8.txt,1920.146471,1897
17435-8.txt,1845.139978,1897
17309.txt,1867.701207,1868
8079.txt,1821.019235,1843
19813.txt,1905.756208,1914
10868-8.txt,1923.086009,1920
18214-8.txt,1883.659348,1903
10234-8.txt,1890.536618,1879
11050-8.txt,1894.148114,1895
18285-8.txt,1821.409992,1912
816.txt,1824.059419,1831
20125-8.txt,1915.274627,1913
16472-8.txt,1908.357264,1891
21706.txt,1866.912961,1880
16281-8.txt,1919.679864,1920
547.txt,1880.88367,1881
19155-0.txt,1901.624645,1887
14000-8.txt,1885.999176,1872
13111-8.txt,1908.987751,1910
26550-8.txt,1904.594584,1917
19416-8.txt,1891.243419,1881
13114-8.txt,1830.281569,1912
21776.txt,1890.384283,1913
15363-8.txt,1891.045583,1887
15135-8.txt,1917.638874,1917
25201-8.txt,1861.855876,1867
13538-8.txt,1891,1891
39437-8.txt,1890.338722,1887
2745.txt,1910,1910
13444.txt,1911.704467,1920
14659-8.txt,1895.963047,1886
19312-8.txt,1916,1916
13170-8.txt,1891.38433,1915
5922.txt,1615,1615
15350-8.txt,1843.688438,1894
6942.txt,1821.015989,1817
12126.txt,1909,1909
16252-8.txt,1908.253359,1915
17827.txt,1875.08427,1866
16453-8.txt,1891.450545,1915
16740-8.txt,1683.005304,1709
16622-8.txt,1913.397242,1912
3113.txt,1877.263511,1880
15123.txt,1895.181259,1889
10665-8.txt,1892.582267,1903
26058-8.txt,1912.940377,1915
26487-8.txt,1859.05644,1906
45620-8.txt,1879.150104,1874
16580-8.txt,1897,1897
16101-8.txt,1908.349999,1914
5499.txt,1874.688822,1878
10094-8.txt,1897.012172,1901
17361-8.txt,1897.160165,1917
10798-8.txt,1913.380379,1914
30829-8.txt,1887.281628,1865
2524.txt,1864.057732,1890
12310-8.txt,1861.691118,1862
18309-8.txt,1908.007706,1911
11269.txt,1887.701913,1887
10031-8.txt,1868.629852,1850
12805-8.txt,1915.673428,1916
3155-0.txt,1894.808101,1886
18056-8.txt,1918.502238,1918
15737.txt,1912.451784,1913
1188.txt,1884.99545,1911
15855-8.txt,1893.42241,1908
12359.txt,1903.331336,1883
27307-0.txt,1851.145513,1889
16104.txt,1891.671004,1889
4183.txt,1666.660346,1667
1047.txt,1925.257652,1900
11014-8.txt,1875.795147,1915
14535.txt,1890.103908,1888
13403-8.txt,1760.886246,1913
18554-8.txt,1860.705289,1864
11989.txt,1911.994318,1904
14739-0.txt,1917.262306,1922
15710.txt,1900.301769,1907
10436-8.txt,1880.727081,1921
15224-8.txt,1893.149515,1902
10129-8.txt,1886.400388,1883
16504-8.txt,1902.021551,1887
17732.txt,1905.97441,1911
39473.txt,1913.659661,1914
13409-8.txt,1920,1921
19031-8.txt,1900.112878,1820
18065-8.txt,1891.141504,1910
658.txt,1876.399109,1913
19334-8.txt,1918.662319,1920
3592.txt,1579.664903,1580
19361-8.txt,1833.419073,1865
15700-0.txt,1784.780032,1791
15892.txt,1917.445237,1911
12039.txt,1636.031797,1625
10118-8.txt,1850.244529,1889
16799-8.txt,1916.988196,1921
14313-8.txt,1887.43588,1890
15508-8.txt,1894.474776,1908
1211.txt,1633.694184,1792
15358-8.txt,1897,1897
27322-8.txt,1847.759396,1824
12771-8.txt,1861.782664,1867
16127.txt,1913.632457,1918
11585-8.txt,1889.330911,1850
10789.txt,1909,1909
18951-8.txt,1916.889107,1917
12981.txt,1879.678538,1892
12463-8.txt,1848.960531,1845
13882-0.txt,1903.49396,1909
26087.txt,1902.336258,1901
13152.txt,1892.121456,1889
14668-8.txt,1901.829437,1879
7197.txt,1876,1876
17373-8.txt,1870.269334,1898
14834-8.txt,1904.621617,1895
13710-8.txt,1890.67018,1891
3094-8.txt,1910.223561,1911
10292-8.txt,1870,1870
25944-8.txt,1903.857143,1890
17136-8.txt,1890.138392,1884
5914.txt,1615,1615
11454-8.txt,1867.373394,1841
13112-8.txt,1859.260806,1848
26129.txt,1757.824785,1915
10165-8.txt,1811.016589,1880
12333.txt,1889.749753,1883
13968-8.txt,1783.332361,1786
15544-8.txt,1916.362549,1919
25943.txt,1917.554856,1920
6201.txt,1898.668858,1902
13655-8.txt,1865.167977,1876
18400.txt,1864.265107,1901
12286-8.txt,1830.396092,1855
12951-8.txt,1890.338447,1891
16506-8.txt,1711.250122,1700
19298.txt,1933,1933
12378-8.txt,1890.651618,1890
12221.txt,1641.080888,1625
26125.txt,1893.257122,1882
14282.txt,1573.375399,1547
16379-8.txt,1918.266395,1908
11704-8.txt,1917.673783,1917
14821.txt,1897.707323,1916
14409-8.txt,1907.31924,1884
11055-8.txt,1871.8163,1903
1734.txt,1946.557843,1922
45625-0.txt,1912.557247,1914
19058-8.txt,1904.247743,1866
19350-8.txt,1918.998994,1920
787.txt,1863.963197,1900
14764.txt,1895.40078,1969
18559-8.txt,1898.661267,1912
10438-8.txt,1916.356048,1917
5855.txt,1880.979065,1866
12883-8.txt,1885.888452,1902
12362-8.txt,1852.149852,1859
14519-8.txt,1886.986708,1912
12569-0.txt,1895.848608,1899
5906.txt,1614.32945,1615
11225-8.txt,1919.333226,1919
13252-8.txt,1890.672176,1891
14922-8.txt,1841,1841
18534-8.txt,1883.765087,1850
45606-8.txt,1896.010453,1894
10749.txt,1878.238116,1883
13761-8.txt,1884.32847,1884
1305.txt,1822.550534,1830
19369-8.txt,1905.620889,1893
13410-8.txt,1827.247985,1881
17742-8.txt,1896.722758,1881
16116-8.txt,1907.981794,1914
3336-8.txt,1882.443133,1913
439.txt,1900.253753,1919
15887-8.txt,1890.378557,1895
18687-8.txt,1830.875262,1819
10893-8.txt,1815.967914,1801
15522.txt,1877.547042,1915
10099-8.txt,1918.040564,1917
13800.txt,1791.451301,1858
26520-8.txt,1917.69019,1922
12010.txt,1878.937277,1915
33503-0.txt,1684.685392,1912
6608.txt,1784.051153,1786
10392-8.txt,1905.128982,1904
16246-8.txt,1688.627748,1545
3159-8.txt,1919.078576,1920
16953-8.txt,1852,1852
15234.txt,1902.673089,1905
15171.txt,1847.376022,1847
7417.txt,1817.260806,1842
6786.txt,1797.649813,1823
6253.txt,1898.57138,1899
20885-0.txt,1913.006956,1912
13464.txt,1725.226418,1757
5414.txt,1712.660104,1713
19239.txt,1913.495671,1916
19179-8.txt,1878.356289,1919
13436-8.txt,1901.036476,1888
8780.txt,1483.335254,1484
8577-8.txt,1822.61961,1841
19398.txt,1885.697308,1890
17051-8.txt,1893.999691,1891
19348-8.txt,1894.212522,1914
1669.txt,1909.318457,1917
21725.txt,1857.508635,1865
2991.txt,1744.796418,1910
19281-0.txt,1992.845515,1994
45637-0.txt,1889.596207,1900
16821.txt,1880.840991,1891
18735.txt,1862.274043,1918
14184.txt,1878.309973,1850
16986-0.txt,1865.823603,1866
19202-8.txt,1927.632073,1903
19273.txt,1875.350063,1914
18634-8.txt,1857.576129,1858
16200-8.txt,1862.328381,1864
11242-8.txt,1760.601265,1892
27168-8.txt,1792.345224,1891
16713-8.txt,1885.963791,1917
18266-8.txt,1836.180364,1906
13614-8.txt,1922.539856,1927
16008.txt,1864.056363,1849
13689-8.txt,1899.200187,1910
17933.txt,1902.283336,1918
10119-8.txt,1886.675676,1821
19323-8.txt,1893.142937,1907
shakespeare-two-18.txt,1633.808697,1623
13485-8.txt,1776.832395,1785
4002.txt,1873.707801,1873
17220-8.txt,1884.643805,1880
1.txt,1824.849748,1820
19444-8.txt,1895,1895
18820-8.txt,1874.615689,1864
2986.txt,1885.949713,1900
20558.txt,1740.977874,1722
7950.txt,1815.462652,1839
11334-8.txt,1855.494174,1884
15788.txt,1905.524151,1906
18346-8.txt,1956.001487,1953
14726-8.txt,1866.096114,1906
14879.txt,1913.199709,1917
14800-8.txt,1721.550574,1786
19000.txt,1880.747365,2001
